,Reason_1,Reason_2,Reason_3,Reason_4,Month Value,Day of the Week,Transportation Expense,Distance to Work,Age,Daily Work Load Average,Body Mass Index,Education,Children,Pets,Absenteeism Time in Hours
0,False,False,False,True,7,1,289,36,33,239.554,30,0,2,1,4
1,False,False,False,False,7,1,118,13,50,239.554,31,0,1,0,0
2,False,False,False,True,7,2,179,51,38,239.554,31,0,0,0,2
3,True,False,False,False,7,3,279,5,39,239.554,24,0,2,0,4
4,False,False,False,True,7,3,289,36,33,239.554,30,0,2,1,2
5,False,False,False,True,7,4,179,51,38,239.554,31,0,0,0,2
6,False,False,False,True,7,4,361,52,28,239.554,27,0,1,4,8
7,False,False,False,True,7,4,260,50,36,239.554,23,0,4,0,4
8,False,False,True,False,7,0,155,12,34,239.554,25,0,2,0,40
9,False,False,False,True,7,0,235,11,37,239.554,29,1,1,1,8
10,True,False,False,False,7,0,260,50,36,239.554,23,0,4,0,8
11,True,False,False,False,7,1,260,50,36,239.554,23,0,4,0,8
12,True,False,False,False,7,2,260,50,36,239.554,23,0,4,0,8
13,True,False,False,False,7,2,179,51,38,239.554,31,0,0,0,1
14,False,False,False,True,7,2,179,51,38,239.554,31,0,0,0,4
15,True,False,False,False,7,4,246,25,41,239.554,23,0,0,0,8
16,False,False,False,True,7,4,179,51,38,239.554,31,0,0,0,2
17,False,False,True,False,7,0,179,51,38,239.554,31,0,0,0,8
18,True,False,False,False,7,3,189,29,33,239.554,25,0,2,2,8
19,False,False,False,True,8,2,248,25,47,205.917,32,0,2,1,2
20,True,False,False,False,8,2,330,16,28,205.917,25,1,0,0,8
21,True,False,False,False,8,0,179,51,38,205.917,31,0,0,0,1
22,True,False,False,False,8,0,361,52,28,205.917,27,0,1,4,40
23,False,False,False,True,8,4,260,50,36,205.917,23,0,4,0,4
24,False,False,True,False,8,0,289,36,33,205.917,30,0,2,1,8
25,False,False,False,True,8,0,361,52,28,205.917,27,0,1,4,7
26,False,False,False,True,8,1,289,36,33,205.917,30,0,2,1,1
27,False,False,False,True,8,2,157,27,29,205.917,22,0,0,0,4
28,False,False,True,False,8,2,289,36,33,205.917,30,0,2,1,8
29,False,False,False,True,8,4,179,51,38,205.917,31,0,0,0,2
30,False,False,True,False,8,0,179,51,38,205.917,31,0,0,0,8
31,False,False,True,False,8,3,235,29,48,205.917,33,0,1,5,8
32,False,False,False,True,8,3,235,11,37,205.917,29,1,1,1,4
33,False,False,True,False,8,0,235,29,48,205.917,33,0,1,5,8
34,False,False,False,True,8,0,179,51,38,205.917,31,0,0,0,2
35,False,False,False,True,8,0,361,52,28,205.917,27,0,1,4,1
36,False,False,False,True,8,1,289,36,33,205.917,30,0,2,1,8
37,True,False,False,False,8,3,291,50,32,205.917,23,0,0,0,4
38,False,False,False,True,8,4,235,29,48,205.917,33,0,1,5,8
39,False,False,False,True,8,4,260,50,36,205.917,23,0,4,0,4
40,False,False,False,True,9,1,184,42,27,241.476,21,0,0,0,2
41,False,False,False,True,9,0,118,10,37,241.476,28,0,0,0,4
42,False,False,False,True,9,1,179,51,38,241.476,31,0,0,0,4
43,False,False,True,False,9,1,235,20,43,241.476,38,0,1,0,8
44,False,False,False,True,9,2,155,12,34,241.476,25,0,2,0,2
45,False,False,False,True,9,6,118,10,37,241.476,28,0,0,0,3
46,False,False,False,True,9,0,179,51,38,241.476,31,0,0,0,3
47,False,False,False,True,9,3,291,31,40,241.476,25,0,1,1,4
48,False,False,False,True,9,4,260,50,36,241.476,23,0,4,0,8
49,True,False,False,False,9,0,291,31,40,241.476,25,0,1,1,32
50,False,False,False,False,9,0,260,50,36,241.476,23,0,4,0,0
51,False,False,False,False,9,0,225,26,28,241.476,24,0,1,2,0
52,False,False,False,True,9,1,225,26,28,241.476,24,0,1,2,2
53,False,False,False,True,9,1,118,10,37,241.476,28,0,0,0,2
54,False,False,False,False,9,1,289,36,33,241.476,30,0,2,1,0
55,False,False,False,False,9,1,118,13,50,241.476,31,0,1,0,0
56,False,False,True,False,9,2,225,26,28,241.476,24,0,1,2,3
57,False,False,False,True,9,2,179,51,38,241.476,31,0,0,0,3
58,False,False,False,False,9,2,369,17,31,241.476,25,0,3,0,0
59,False,False,False,True,9,4,248,25,47,241.476,32,0,2,1,1
60,False,False,False,True,9,4,179,51,38,241.476,31,0,0,0,3
61,False,False,False,True,9,4,260,50,36,241.476,23,0,4,0,4
62,False,False,False,True,10,1,179,51,38,253.465,31,0,0,0,3
63,False,False,False,True,10,1,118,10,37,253.465,28,0,0,0,3
64,False,False,False,False,10,2,118,13,50,253.465,31,0,1,0,0
65,False,False,False,True,10,3,179,26,30,253.465,19,1,0,0,1
66,False,False,False,True,10,4,179,51,38,253.465,31,0,0,0,3
67,False,False,False,True,10,4,225,26,28,253.465,24,0,1,2,3
68,False,False,False,True,10,1,118,10,37,253.465,28,0,0,0,3
69,False,False,False,True,10,2,225,26,28,253.465,24,0,1,2,2
70,False,False,False,True,10,2,248,25,47,253.465,32,0,2,1,2
71,False,False,False,True,10,3,291,31,40,253.465,25,0,1,1,5
72,False,False,False,True,10,2,179,51,38,253.465,31,0,0,0,8
73,False,False,False,True,10,2,225,26,28,253.465,24,0,1,2,3
74,False,False,True,False,10,3,260,50,36,253.465,23,0,4,0,16
75,True,False,False,False,10,1,291,31,40,253.465,25,0,1,1,8
76,False,False,False,True,10,1,225,26,28,253.465,24,0,1,2,2
77,False,False,False,True,10,2,289,36,33,253.465,30,0,2,1,8
78,False,False,False,True,10,4,361,52,28,253.465,27,0,1,4,1
79,False,False,False,True,10,4,260,50,36,253.465,23,0,4,0,3
80,False,False,False,True,11,3,179,51,38,306.345,31,0,0,0,1
81,False,False,False,True,11,2,225,26,28,306.345,24,0,1,2,1
82,True,False,False,False,11,3,179,51,38,306.345,31,0,0,0,8
83,False,False,True,False,11,3,179,22,40,306.345,22,1,2,0,8
84,False,False,False,True,11,3,291,31,40,306.345,25,0,1,1,5
85,True,False,False,False,11,0,155,12,34,306.345,25,0,2,0,32
86,False,False,False,True,11,0,189,29,33,306.345,25,0,2,2,8
87,True,False,False,False,11,0,291,31,40,306.345,25,0,1,1,40
88,False,False,False,True,11,2,225,26,28,306.345,24,0,1,2,1
89,True,False,False,False,11,4,155,12,34,306.345,25,0,2,0,8
90,False,False,False,True,11,2,225,26,28,306.345,24,0,1,2,3
91,False,False,True,False,11,2,179,22,40,306.345,22,1,2,0,8
92,True,False,False,False,11,4,225,26,28,306.345,24,0,1,2,3
93,False,False,False,True,11,4,260,50,36,306.345,23,0,4,0,4
94,False,False,False,True,11,0,248,25,47,306.345,32,0,2,1,1
95,False,False,False,True,11,1,225,26,28,306.345,24,0,1,2,3
96,True,False,False,False,11,2,289,36,33,306.345,30,0,2,1,24
97,False,False,False,True,11,3,291,31,40,306.345,25,0,1,1,3
98,False,False,False,True,12,1,248,25,47,261.306,32,0,2,1,1
99,False,False,True,False,12,1,118,10,37,261.306,28,0,0,0,64
100,False,False,False,True,12,2,118,13,50,261.306,31,0,1,0,2
101,False,False,False,True,12,2,235,11,37,261.306,29,1,1,1,8
102,False,False,False,True,12,3,225,26,28,261.306,24,0,1,2,2
103,False,False,False,True,12,4,260,50,36,261.306,23,0,4,0,8
104,False,False,True,False,12,1,118,10,37,261.306,28,0,0,0,56
105,False,False,False,True,12,2,361,52,28,261.306,27,0,1,4,8
106,False,False,False,True,12,3,225,26,28,261.306,24,0,1,2,3
107,False,False,False,True,12,4,260,50,36,261.306,23,0,4,0,3
108,False,False,False,True,12,1,225,26,28,261.306,24,0,1,2,2
109,False,False,False,True,12,2,361,52,28,261.306,27,0,1,4,8
110,False,False,False,True,12,4,118,10,37,261.306,28,0,0,0,2
111,False,False,True,False,12,4,246,25,41,261.306,23,0,0,0,8
112,False,False,False,True,12,4,225,26,28,261.306,24,0,1,2,2
113,False,False,False,True,1,2,225,26,28,308.593,24,0,1,2,1
114,False,False,True,False,1,0,118,10,37,308.593,28,0,0,0,1
115,False,False,False,True,1,1,118,10,37,308.593,28,0,0,0,1
116,False,False,True,False,1,1,155,12,34,308.593,25,0,2,0,8
117,False,False,False,True,1,2,225,26,28,308.593,24,0,1,2,2
118,False,False,False,True,1,3,184,42,27,308.593,21,0,0,0,2
119,False,False,False,True,1,3,225,26,28,308.593,24,0,1,2,2
120,False,False,False,True,1,4,225,26,28,308.593,24,0,1,2,1
121,False,False,False,True,1,0,118,10,37,308.593,28,0,0,0,2
122,False,False,False,True,1,1,225,26,28,308.593,24,0,1,2,2
123,False,False,False,True,1,1,118,10,37,308.593,28,0,0,0,2
124,False,False,False,True,1,2,118,10,37,308.593,28,0,0,0,2
125,False,False,False,True,1,3,118,10,37,308.593,28,0,0,0,2
126,False,False,False,True,1,4,118,10,37,308.593,28,0,0,0,2
127,False,False,False,True,1,0,118,10,37,308.593,28,0,0,0,2
128,False,False,False,True,1,1,118,10,37,308.593,28,0,0,0,2
129,False,False,True,False,1,1,179,26,30,308.593,19,1,0,0,8
130,False,False,True,False,1,1,289,36,33,308.593,30,0,2,1,8
131,False,False,False,True,1,2,118,10,37,308.593,28,0,0,0,2
132,False,False,False,True,1,3,184,42,27,308.593,21,0,0,0,2
133,False,False,False,True,1,3,118,10,37,308.593,28,0,0,0,2
134,False,False,False,True,1,0,118,10,37,308.593,28,0,0,0,0
135,False,False,False,True,1,1,225,26,28,308.593,24,0,1,2,1
136,False,False,False,True,1,3,289,36,33,308.593,30,0,2,1,3
137,False,False,False,True,2,4,184,42,27,302.585,21,0,0,0,1
138,True,False,False,False,2,2,246,25,41,302.585,23,0,0,0,8
139,True,False,False,False,2,2,179,51,38,302.585,31,0,0,0,8
140,False,False,False,True,2,3,155,12,34,302.585,25,0,2,0,2
141,False,False,False,True,2,3,189,29,33,302.585,25,0,2,2,8
142,False,False,False,True,2,4,260,50,36,302.585,23,0,4,0,2
143,False,False,False,True,2,4,289,36,33,302.585,30,0,2,1,8
144,True,False,False,False,2,0,388,15,50,302.585,24,0,0,0,8
145,True,False,False,False,2,1,388,15,50,302.585,24,0,0,0,8
146,False,False,False,True,2,0,225,26,28,302.585,24,0,1,2,2
147,False,False,False,True,2,1,225,26,28,302.585,24,0,1,2,2
148,False,False,False,True,2,1,179,26,30,302.585,19,1,0,0,1
149,False,False,False,True,2,1,184,42,27,302.585,21,0,0,0,8
150,False,False,False,True,2,3,225,26,28,302.585,24,0,1,2,3
151,False,False,True,False,2,0,330,16,28,302.585,25,1,0,0,8
152,False,False,False,True,2,1,330,16,28,302.585,25,1,0,0,1
153,False,False,False,True,2,2,225,26,28,302.585,24,0,1,2,1
154,False,False,True,False,2,3,189,29,33,302.585,25,0,2,2,8
155,False,False,False,True,3,1,291,50,32,343.253,23,0,0,0,2
156,False,False,True,False,3,1,260,50,36,343.253,23,0,4,0,8
157,False,False,True,False,3,1,157,27,29,343.253,22,0,0,0,3
158,False,True,False,False,3,1,179,22,40,343.253,22,1,2,0,8
159,False,False,False,True,3,2,291,31,40,343.253,25,0,1,1,8
160,True,False,False,False,3,2,260,50,36,343.253,23,0,4,0,8
161,True,False,False,False,3,3,179,26,30,343.253,19,1,0,0,8
162,True,False,False,False,3,4,248,25,47,343.253,32,0,2,1,3
163,True,False,False,False,3,4,260,50,36,343.253,23,0,4,0,40
164,True,False,False,False,3,0,179,22,40,343.253,22,1,2,0,40
165,True,False,False,False,3,0,155,12,34,343.253,25,0,2,0,16
166,False,False,False,True,3,0,260,50,36,343.253,23,0,4,0,16
167,True,False,False,False,3,1,155,12,34,343.253,25,0,2,0,8
168,True,False,False,False,3,3,289,36,33,343.253,30,0,2,1,8
169,True,False,False,False,3,3,179,22,40,343.253,22,1,2,0,8
170,False,False,False,True,3,4,260,50,36,343.253,23,0,4,0,4
171,False,False,False,True,3,4,225,26,28,343.253,24,0,1,2,1
172,True,False,False,False,3,0,279,5,39,343.253,24,0,2,0,8
173,True,False,False,False,3,1,179,51,38,343.253,31,0,0,0,24
174,False,False,False,True,3,2,225,26,28,343.253,24,0,1,2,2
175,True,False,False,False,3,0,225,26,28,343.253,24,0,1,2,8
176,True,False,False,False,3,0,179,26,30,343.253,19,1,0,0,1
177,True,False,False,False,3,1,225,26,28,343.253,24,0,1,2,8
178,True,False,False,False,3,2,225,26,28,343.253,24,0,1,2,16
179,True,False,False,False,3,2,179,51,38,343.253,31,0,0,0,3
180,True,False,False,False,3,3,279,5,39,343.253,24,0,2,0,16
181,False,False,False,True,3,4,225,26,28,343.253,24,0,1,2,2
182,True,False,False,False,3,4,248,25,47,343.253,32,0,2,1,3
183,False,False,False,True,3,0,225,26,28,343.253,24,0,1,2,1
184,False,False,False,True,4,2,291,31,40,326.452,25,0,1,1,1
185,False,False,False,True,4,2,225,26,28,326.452,24,0,1,2,1
186,False,False,False,True,4,1,155,12,34,326.452,25,0,2,0,1
187,True,False,False,False,4,2,246,25,41,326.452,23,0,0,0,24
188,False,False,False,True,4,3,155,12,34,326.452,25,0,2,0,1
189,False,False,False,True,4,4,225,26,28,326.452,24,0,1,2,2
190,False,False,False,True,4,4,260,50,36,326.452,23,0,4,0,4
191,True,False,False,False,4,2,179,51,38,326.452,31,0,0,0,24
192,False,False,False,True,4,3,118,13,50,326.452,31,0,1,0,1
193,False,False,False,True,4,4,291,31,40,326.452,25,0,1,1,3
194,True,False,False,False,4,4,246,25,41,326.452,23,0,0,0,8
195,False,False,False,True,4,4,291,31,40,326.452,25,0,1,1,1
196,False,False,False,True,4,4,248,25,47,326.452,32,0,2,1,8
197,False,False,True,False,4,4,260,50,36,326.452,23,0,4,0,56
198,False,False,True,False,4,1,289,36,33,326.452,30,0,2,1,8
199,True,False,False,False,4,2,155,12,34,326.452,25,0,2,0,24
200,False,False,True,False,4,2,378,49,36,326.452,21,0,2,4,8
201,True,False,False,False,4,3,289,36,33,326.452,30,0,2,1,16
202,True,False,False,False,4,4,235,11,37,326.452,29,1,1,1,3
203,False,False,False,False,4,0,235,29,48,326.452,33,0,1,5,0
204,True,False,False,False,5,2,289,36,33,378.884,30,0,2,1,8
205,False,False,False,True,5,3,155,12,34,378.884,25,0,2,0,2
206,False,False,False,True,5,0,155,12,34,378.884,25,0,2,0,1
207,False,False,True,False,5,1,179,51,38,378.884,31,0,0,0,8
208,False,False,True,False,5,1,225,26,28,378.884,24,0,1,2,8
209,True,False,False,False,5,2,184,42,27,378.884,21,0,0,0,4
210,False,False,False,True,5,0,155,12,34,378.884,25,0,2,0,2
211,True,False,False,False,5,1,179,51,38,378.884,31,0,0,0,1
212,True,False,False,False,5,2,289,36,33,378.884,30,0,2,1,24
213,False,False,False,False,5,2,279,5,39,378.884,24,0,2,0,0
214,False,False,False,False,5,2,330,16,28,378.884,25,1,0,0,0
215,False,False,False,False,5,2,378,49,36,378.884,21,0,2,4,0
216,False,False,False,False,5,2,388,15,50,378.884,24,0,0,0,0
217,True,False,False,False,5,1,179,51,38,378.884,31,0,0,0,1
218,True,False,False,False,5,2,118,13,50,378.884,31,0,1,0,24
219,False,False,False,True,5,4,361,52,28,378.884,27,0,1,4,8
220,False,False,True,False,6,0,246,25,41,377.55,23,0,0,0,8
221,False,False,False,True,6,0,361,52,28,377.55,27,0,1,4,8
222,True,False,False,False,6,1,246,25,41,377.55,23,0,0,0,24
223,False,False,False,True,6,3,291,31,40,377.55,25,0,1,1,4
224,True,False,False,False,6,4,246,25,41,377.55,23,0,0,0,8
225,True,False,False,False,6,0,179,51,38,377.55,31,0,0,0,8
226,False,False,False,True,6,0,155,12,34,377.55,25,0,2,0,4
227,True,False,False,False,6,0,246,25,41,377.55,23,0,0,0,8
228,True,False,False,False,6,2,118,13,50,377.55,31,0,1,0,8
229,True,False,False,False,6,4,235,11,37,377.55,29,1,1,1,16
230,False,False,False,True,6,1,118,13,50,377.55,31,0,1,0,1
231,True,False,False,False,6,2,118,13,50,377.55,31,0,1,0,80
232,False,False,False,True,6,3,378,49,36,377.55,21,0,2,4,8
233,True,False,False,False,6,4,179,51,38,377.55,31,0,0,0,2
234,False,False,False,True,6,0,289,48,49,377.55,36,0,0,2,2
235,False,False,False,True,6,3,225,26,28,377.55,24,0,1,2,2
236,False,False,True,False,7,1,155,12,34,275.312,25,0,2,0,16
237,True,False,False,False,7,2,118,13,50,275.312,31,0,1,0,8
238,True,False,False,False,7,4,118,10,37,275.312,28,0,0,0,8
239,False,False,False,True,7,4,118,10,37,275.312,28,0,0,0,4
240,False,False,False,True,7,1,330,16,28,275.312,25,1,0,0,8
241,False,False,True,False,7,3,179,26,30,275.312,19,1,0,0,8
242,False,False,False,True,7,4,155,12,34,275.312,25,0,2,0,2
243,True,False,False,False,7,0,330,16,28,275.312,25,1,0,0,8
244,True,False,False,False,7,1,330,16,28,275.312,25,1,0,0,8
245,False,False,False,True,7,0,157,27,29,275.312,22,0,0,0,3
246,False,False,False,True,7,1,361,52,28,275.312,27,0,1,4,8
247,False,False,False,True,7,2,289,36,33,275.312,30,0,2,1,8
248,False,False,False,True,7,3,179,51,38,275.312,31,0,0,0,8
249,False,False,True,False,7,0,289,36,33,275.312,30,0,2,1,32
250,False,False,True,False,7,3,289,36,33,275.312,30,0,2,1,8
251,False,False,False,False,7,3,260,50,36,275.312,23,0,4,0,0
252,False,False,True,False,8,3,289,36,33,265.615,30,0,2,1,8
253,False,False,True,False,8,3,157,27,29,265.615,22,0,0,0,3
254,False,False,False,True,8,6,289,36,33,265.615,30,0,2,1,1
255,False,False,True,False,8,0,228,14,58,265.615,22,0,2,1,8
256,True,False,False,False,8,2,300,26,43,265.615,25,0,2,1,1
257,True,False,False,False,8,2,300,26,43,265.615,25,0,2,1,2
258,False,False,False,True,8,3,260,50,36,265.615,23,0,4,0,4
259,False,False,False,True,8,0,289,36,33,265.615,30,0,2,1,4
260,False,False,False,True,8,1,248,25,47,265.615,32,0,2,1,1
261,True,False,False,False,8,2,268,11,33,265.615,25,1,0,0,8
262,False,False,False,True,8,2,179,26,30,265.615,19,1,0,0,1
263,True,False,False,False,8,2,118,13,50,265.615,31,0,1,0,3
264,False,False,False,True,8,6,248,25,47,265.615,32,0,2,1,2
265,False,False,False,True,8,0,235,11,37,265.615,29,1,1,1,1
266,False,False,False,True,8,2,118,13,50,265.615,31,0,1,0,1
267,False,False,True,False,8,2,235,11,37,265.615,29,1,1,1,8
268,True,False,False,False,8,0,361,52,28,265.615,27,0,1,4,8
269,True,False,False,False,8,1,184,42,27,265.615,21,0,0,0,8
270,True,False,False,False,9,0,179,51,38,294.217,31,0,0,0,8
271,False,False,False,True,9,4,179,51,38,294.217,31,0,0,0,3
272,False,False,True,False,9,2,289,36,33,294.217,30,0,2,1,24
273,False,False,False,False,9,3,235,20,43,294.217,38,0,1,0,0
274,True,False,False,False,9,0,246,25,41,294.217,23,0,0,0,16
275,False,False,False,True,9,1,291,31,40,294.217,25,0,1,1,3
276,False,False,False,False,9,1,231,35,39,294.217,35,0,2,2,0
277,False,False,False,False,9,1,291,50,32,294.217,23,0,0,0,0
278,True,False,False,False,9,2,179,51,38,294.217,31,0,0,0,8
279,True,False,False,False,9,2,246,25,41,294.217,23,0,0,0,32
280,False,False,False,True,9,3,179,51,38,294.217,31,0,0,0,1
281,False,False,False,True,9,4,291,31,40,294.217,25,0,1,1,4
282,False,False,False,True,9,4,260,50,36,294.217,23,0,4,0,4
283,False,False,False,True,9,2,235,20,43,294.217,38,0,1,0,8
284,False,False,False,True,9,3,118,13,50,294.217,31,0,1,0,1
285,False,False,False,False,9,3,235,20,43,294.217,38,0,1,0,0
286,False,False,False,True,9,4,291,31,40,294.217,25,0,1,1,3
287,True,False,False,False,9,0,291,31,40,294.217,25,0,1,1,40
288,True,False,False,False,9,0,179,51,38,294.217,31,0,0,0,8
289,False,False,False,True,10,2,289,36,33,265.017,30,0,2,1,8
290,False,False,False,True,10,2,235,11,37,265.017,29,1,1,1,4
291,False,False,False,True,10,2,289,36,33,265.017,30,0,2,1,8
292,False,False,False,True,10,3,289,36,33,265.017,30,0,2,1,8
293,False,False,False,False,10,3,118,13,50,265.017,31,0,1,0,0
294,False,False,False,False,10,3,248,25,47,265.017,32,0,2,1,0
295,True,False,False,False,10,2,179,26,30,265.017,19,1,0,0,8
296,True,False,False,False,10,2,118,10,37,265.017,28,0,0,0,3
297,False,False,False,True,10,2,369,17,31,265.017,25,0,3,0,8
298,False,False,False,True,10,4,179,51,38,265.017,31,0,0,0,1
299,True,False,False,False,10,4,179,26,30,265.017,19,1,0,0,64
300,False,False,False,False,10,4,235,20,43,265.017,38,0,1,0,0
301,False,False,True,False,10,5,289,36,33,265.017,30,0,2,1,16
302,False,False,False,True,10,6,260,50,36,265.017,23,0,4,0,3
303,False,False,False,False,10,6,235,20,43,265.017,38,0,1,0,0
304,False,False,False,True,10,2,235,20,43,265.017,38,0,1,0,2
305,False,False,False,True,10,2,235,20,43,265.017,38,0,1,0,2
306,False,False,False,True,10,3,118,13,50,265.017,31,0,1,0,1
307,False,False,False,True,10,3,291,31,40,265.017,25,0,1,1,4
308,False,False,False,True,10,5,179,26,30,265.017,19,1,0,0,16
309,False,False,False,True,10,5,118,13,50,265.017,31,0,1,0,1
310,True,False,False,False,10,2,361,52,28,265.017,27,0,1,4,8
311,False,False,False,False,10,3,260,50,36,265.017,23,0,4,0,0
312,False,False,False,False,10,3,291,31,40,265.017,25,0,1,1,0
313,False,False,False,False,10,3,157,27,29,265.017,22,0,0,0,0
314,True,False,False,False,10,4,179,26,30,265.017,19,1,0,0,5
315,True,False,False,False,10,4,179,26,30,265.017,19,1,0,0,5
316,False,False,False,True,10,5,118,13,50,265.017,31,0,1,0,1
317,True,False,False,False,11,0,118,10,37,284.031,28,0,0,0,8
318,False,False,False,True,11,0,248,25,47,284.031,32,0,2,1,2
319,True,False,False,False,11,1,179,51,38,284.031,31,0,0,0,8
320,False,False,False,True,11,4,260,50,36,284.031,23,0,4,0,3
321,False,False,False,True,11,0,291,31,40,284.031,25,0,1,1,1
322,True,False,False,False,11,0,378,49,36,284.031,21,0,2,4,8
323,True,False,False,False,11,0,155,12,34,284.031,25,0,2,0,120
324,False,False,False,True,11,0,235,20,43,284.031,38,0,1,0,8
325,False,False,False,False,11,1,330,16,28,284.031,25,1,0,0,0
326,False,False,True,False,11,2,235,11,37,284.031,29,1,1,1,1
327,True,False,False,False,11,2,118,10,37,284.031,28,0,0,0,3
328,False,False,False,True,11,3,235,11,37,284.031,29,1,1,1,2
329,False,False,False,True,11,3,179,51,38,284.031,31,0,0,0,3
330,True,False,False,False,11,4,246,25,41,284.031,23,0,0,0,8
331,True,False,False,False,11,4,291,31,40,284.031,25,0,1,1,4
332,True,False,False,False,11,0,246,25,41,284.031,23,0,0,0,8
333,False,False,False,True,11,1,179,51,38,284.031,31,0,0,0,1
334,True,False,False,False,11,2,260,50,36,284.031,23,0,4,0,8
335,False,True,False,False,11,4,260,50,36,284.031,23,0,4,0,8
336,False,False,False,False,11,4,378,49,36,284.031,21,0,2,4,0
337,False,False,False,False,11,1,279,5,39,284.031,24,0,2,0,0
338,False,False,False,True,11,3,179,51,38,284.031,31,0,0,0,1
339,True,False,False,False,12,0,225,26,28,236.629,24,0,1,2,3
340,False,False,False,True,12,0,179,51,38,236.629,31,0,0,0,2
341,False,False,False,True,12,0,179,51,38,236.629,31,0,0,0,1
342,False,False,False,True,12,0,235,11,37,236.629,29,1,1,1,3
343,False,False,False,True,12,1,118,13,50,236.629,31,0,1,0,1
344,False,False,False,True,12,4,260,50,36,236.629,23,0,4,0,4
345,True,False,False,False,12,3,246,25,41,236.629,23,0,0,0,8
346,False,False,False,True,12,3,179,51,38,236.629,31,0,0,0,1
347,False,False,False,True,12,4,179,51,38,236.629,31,0,0,0,1
348,False,False,False,True,12,1,179,26,30,236.629,19,1,0,0,1
349,False,False,False,True,12,1,118,10,37,236.629,28,0,0,0,8
350,False,False,False,True,12,3,235,11,37,236.629,29,1,1,1,2
351,False,False,False,True,12,4,179,51,38,236.629,31,0,0,0,1
352,True,False,False,False,12,1,235,20,43,236.629,38,0,1,0,8
353,True,False,False,False,12,1,235,11,37,236.629,29,1,1,1,4
354,False,False,False,True,12,2,260,50,36,236.629,23,0,4,0,8
355,False,False,False,True,12,0,157,27,29,236.629,22,0,0,0,2
356,False,False,False,True,12,0,179,51,38,236.629,31,0,0,0,3
357,False,False,True,False,12,0,289,36,33,236.629,30,0,2,1,8
358,False,False,False,True,1,2,225,26,28,330.061,24,0,1,2,5
359,False,False,True,False,1,0,118,10,37,330.061,28,0,0,0,32
360,False,False,False,True,1,0,155,12,34,330.061,25,0,2,0,2
361,True,False,False,False,1,1,235,11,37,330.061,29,1,1,1,1
362,False,False,False,True,1,1,155,12,34,330.061,25,0,2,0,4
363,False,False,False,True,1,0,289,36,33,330.061,30,0,2,1,8
364,True,False,False,False,1,2,291,31,40,330.061,25,0,1,1,8
365,False,False,False,True,1,0,235,20,43,330.061,38,0,1,0,8
366,False,False,False,True,1,0,118,13,50,330.061,31,0,1,0,4
367,False,False,False,True,1,2,179,51,38,330.061,31,0,0,0,1
368,False,False,False,True,1,4,179,51,38,330.061,31,0,0,0,1
369,False,False,False,True,2,1,118,10,37,251.818,28,0,0,0,2
370,False,False,False,True,2,2,179,51,38,251.818,31,0,0,0,3
371,True,False,False,False,2,2,225,26,28,251.818,24,0,1,2,1
372,False,False,False,True,2,4,289,36,33,251.818,30,0,2,1,3
373,False,False,False,True,2,4,260,50,36,251.818,23,0,4,0,3
374,False,False,False,True,2,4,179,51,38,251.818,31,0,0,0,3
375,False,False,False,True,2,0,179,51,38,251.818,31,0,0,0,2
376,False,False,False,True,2,2,179,51,38,251.818,31,0,0,0,3
377,True,False,False,False,2,3,179,51,38,251.818,31,0,0,0,8
378,False,False,False,True,2,3,246,25,41,251.818,23,0,0,0,8
379,False,False,False,True,2,4,179,51,38,251.818,31,0,0,0,3
380,False,False,False,True,2,0,189,29,33,251.818,25,0,2,2,8
381,False,False,False,True,2,0,179,51,38,251.818,31,0,0,0,3
382,False,False,False,True,2,1,246,25,41,251.818,23,0,0,0,2
383,False,False,False,True,2,1,291,31,40,251.818,25,0,1,1,2
384,True,False,False,False,2,2,157,27,29,251.818,22,0,0,0,16
385,False,False,False,True,2,2,179,51,38,251.818,31,0,0,0,3
386,False,False,False,True,2,4,179,51,38,251.818,31,0,0,0,3
387,True,False,False,False,2,4,246,25,41,251.818,23,0,0,0,24
388,False,False,False,True,2,2,179,51,38,251.818,31,0,0,0,3
389,False,False,False,True,2,4,179,51,38,251.818,31,0,0,0,3
390,False,False,True,False,3,1,118,10,37,244.387,28,0,0,0,8
391,False,False,True,False,3,2,246,25,41,244.387,23,0,0,0,16
392,False,False,False,True,3,4,246,25,41,244.387,23,0,0,0,2
393,False,False,False,True,3,4,260,50,36,244.387,23,0,4,0,4
394,False,False,False,True,3,0,179,51,38,244.387,31,0,0,0,2
395,False,False,False,True,3,0,235,11,37,244.387,29,1,1,1,8
396,False,False,False,True,3,1,179,22,40,244.387,22,1,2,0,8
397,False,False,False,True,3,1,378,49,36,244.387,21,0,2,4,8
398,False,False,False,True,3,0,179,51,38,244.387,31,0,0,0,16
399,False,False,False,True,3,2,361,52,28,244.387,27,0,1,4,8
400,False,False,False,False,3,2,369,17,31,244.387,25,0,3,0,0
401,False,False,True,False,3,3,235,11,37,244.387,29,1,1,1,8
402,False,False,False,True,3,4,118,13,50,244.387,31,0,1,0,2
403,True,False,False,False,3,1,118,13,50,244.387,31,0,1,0,3
404,True,False,False,False,3,2,118,13,50,244.387,31,0,1,0,8
405,False,False,False,False,3,3,235,11,37,244.387,29,1,1,1,0
406,False,False,False,False,3,3,246,25,41,244.387,23,0,0,0,0
407,False,False,False,False,3,3,118,13,50,244.387,31,0,1,0,0
408,False,False,False,True,3,4,179,51,38,244.387,31,0,0,0,8
409,False,False,False,True,3,4,289,36,33,244.387,30,0,2,1,8
410,False,False,True,False,3,0,260,50,36,244.387,23,0,4,0,8
411,False,False,False,True,3,1,246,25,41,244.387,23,0,0,0,2
412,False,False,False,True,4,2,179,51,38,239.409,31,0,0,0,4
413,False,False,False,True,4,4,260,50,36,239.409,23,0,4,0,3
414,False,False,False,True,4,4,330,16,28,239.409,25,1,0,0,4
415,False,False,False,True,4,0,369,17,31,239.409,25,0,3,0,4
416,False,False,False,True,4,0,248,25,47,239.409,32,0,2,1,4
417,False,False,False,True,4,2,330,16,28,239.409,25,1,0,0,8
418,False,False,False,True,4,2,179,51,38,239.409,31,0,0,0,8
419,False,False,False,True,4,0,118,13,50,239.409,31,0,1,0,1
420,True,False,False,False,4,2,118,13,50,239.409,31,0,1,0,120
421,False,False,False,True,4,4,300,26,43,239.409,25,0,2,1,8
422,False,False,False,True,4,4,260,50,36,239.409,23,0,4,0,4
423,False,False,False,True,4,0,179,51,38,239.409,31,0,0,0,4
424,True,False,False,False,4,2,118,10,37,239.409,28,0,0,0,2
425,True,False,False,False,5,0,235,20,43,246.074,38,0,1,0,16
426,False,False,False,True,5,2,248,25,47,246.074,32,0,2,1,2
427,True,False,False,False,5,0,369,17,31,246.074,25,0,3,0,8
428,False,False,False,True,5,2,179,26,30,246.074,19,1,0,0,3
429,False,False,False,True,5,2,179,51,38,246.074,31,0,0,0,4
430,False,False,False,True,5,3,361,52,28,246.074,27,0,1,4,1
431,False,False,False,True,5,4,260,50,36,246.074,23,0,4,0,3
432,True,False,False,False,5,0,179,22,40,246.074,22,1,2,0,2
433,True,False,False,False,5,0,179,22,40,246.074,22,1,2,0,3
434,False,False,True,False,5,2,228,14,58,246.074,22,0,2,1,8
435,False,False,False,True,5,2,225,26,28,246.074,24,0,1,2,3
436,True,False,False,False,5,4,330,16,28,246.074,25,1,0,0,8
437,False,False,False,True,5,0,179,26,30,246.074,19,1,0,0,2
438,False,False,False,True,5,0,118,10,37,246.074,28,0,0,0,1
439,True,False,False,False,5,0,235,11,37,246.074,29,1,1,1,8
440,False,False,False,True,5,2,179,26,30,246.074,19,1,0,0,3
441,False,False,False,True,6,0,118,10,37,253.957,28,0,0,0,3
442,False,False,False,True,6,0,179,51,38,253.957,31,0,0,0,3
443,False,False,False,True,6,1,118,10,37,253.957,28,0,0,0,2
444,False,False,False,True,6,3,225,26,28,253.957,24,0,1,2,4
445,False,False,False,True,6,4,260,50,36,253.957,23,0,4,0,4
446,False,False,False,False,6,4,179,51,38,253.957,31,0,0,0,0
447,True,False,False,False,6,0,291,31,40,253.957,25,0,1,1,40
448,False,False,False,True,6,0,179,51,38,253.957,31,0,0,0,24
449,False,False,False,True,6,1,246,25,41,253.957,23,0,0,0,3
450,False,False,False,True,6,0,179,51,38,253.957,31,0,0,0,4
451,False,False,False,True,6,1,235,20,43,253.957,38,0,1,0,8
452,False,False,False,True,6,0,179,51,38,253.957,31,0,0,0,2
453,False,False,False,True,6,2,225,26,28,253.957,24,0,1,2,2
454,False,False,False,True,6,2,118,13,50,253.957,31,0,1,0,2
455,True,False,False,False,6,2,179,51,38,253.957,31,0,0,0,8
456,False,False,True,False,6,2,179,26,30,253.957,19,1,0,0,2
457,False,False,False,True,6,4,246,25,41,253.957,23,0,0,0,2
458,True,False,False,False,6,1,330,16,28,253.957,25,1,0,0,1
459,True,False,False,False,6,1,235,11,37,253.957,29,1,1,1,8
460,False,False,False,True,7,3,179,26,30,230.29,19,1,0,0,2
461,False,False,False,True,7,3,225,26,28,230.29,24,0,1,2,4
462,True,False,False,False,7,4,260,50,36,230.29,23,0,4,0,8
463,True,False,False,False,7,0,268,11,33,230.29,25,1,0,0,8
464,False,False,False,True,7,4,330,16,28,230.29,25,1,0,0,8
465,False,False,False,True,7,4,118,10,37,230.29,28,0,0,0,8
466,False,False,False,True,7,0,260,50,36,230.29,23,0,4,0,4
467,False,False,False,True,7,1,118,10,37,230.29,28,0,0,0,8
468,False,True,False,False,7,0,300,26,43,230.29,25,0,2,1,8
469,False,False,False,True,7,0,235,29,48,230.29,33,0,1,5,1
470,False,False,False,True,7,1,246,25,41,230.29,23,0,0,0,2
471,True,False,False,False,7,1,225,26,28,230.29,24,0,1,2,112
472,False,False,False,True,7,1,179,51,38,230.29,31,0,0,0,1
473,False,False,False,True,7,4,118,13,50,230.29,31,0,1,0,1
474,False,False,False,True,7,4,361,52,28,230.29,27,0,1,4,8
475,False,False,False,True,7,0,289,36,33,230.29,30,0,2,1,8
476,False,False,False,True,7,0,235,20,43,230.29,38,0,1,0,8
477,False,False,False,True,7,1,246,25,41,230.29,23,0,0,0,2
478,False,False,False,True,7,3,291,31,40,230.29,25,0,1,1,1
479,False,False,False,True,7,3,279,5,39,230.29,24,0,2,0,2
480,False,False,False,True,8,3,179,51,38,249.797,31,0,0,0,4
481,False,False,False,True,8,0,179,22,40,249.797,22,1,2,0,1
482,False,False,False,True,8,1,246,25,41,249.797,23,0,0,0,4
483,False,False,False,True,8,1,118,10,37,249.797,28,0,0,0,4
484,False,False,False,True,8,1,289,36,33,249.797,30,0,2,1,8
485,False,False,False,True,8,1,235,20,43,249.797,38,0,1,0,8
486,False,False,False,True,8,3,291,31,40,249.797,25,0,1,1,4
487,False,False,False,True,8,0,179,51,38,249.797,31,0,0,0,4
488,False,False,False,True,8,1,179,22,40,249.797,22,1,2,0,8
489,False,False,False,True,8,3,330,16,28,249.797,25,1,0,0,16
490,False,False,False,True,8,1,235,11,37,249.797,29,1,1,1,4
491,False,False,False,True,8,1,246,25,41,249.797,23,0,0,0,1
492,False,False,False,True,8,1,118,10,37,249.797,28,0,0,0,5
493,False,False,False,True,8,3,291,31,40,249.797,25,0,1,1,2
494,False,False,False,True,8,0,260,50,36,249.797,23,0,4,0,3
495,False,False,False,True,9,1,246,25,41,261.756,23,0,0,0,1
496,False,False,False,True,9,1,246,25,41,261.756,23,0,0,0,1
497,False,False,False,True,9,1,118,10,37,261.756,28,0,0,0,3
498,False,False,False,True,9,1,155,12,34,261.756,25,0,2,0,2
499,False,False,False,True,9,3,291,31,40,261.756,25,0,1,1,2
500,False,False,False,True,9,4,179,26,30,261.756,19,1,0,0,8
501,False,False,False,True,9,4,248,25,47,261.756,32,0,2,1,1
502,False,False,False,True,9,0,179,51,38,261.756,31,0,0,0,4
503,False,False,False,True,9,2,225,26,28,261.756,24,0,1,2,1
504,False,False,False,True,9,0,179,26,30,261.756,19,1,0,0,2
505,False,False,False,True,9,1,369,17,31,261.756,25,0,3,0,8
506,False,False,False,True,9,1,361,52,28,261.756,27,0,1,4,8
507,True,False,False,False,10,3,289,48,49,284.853,36,0,0,2,1
508,True,False,False,False,10,3,235,16,32,284.853,25,1,0,0,3
509,False,False,False,True,10,4,246,25,41,284.853,23,0,0,0,8
510,True,False,False,False,10,2,289,48,49,284.853,36,0,0,2,3
511,False,False,False,True,10,2,291,31,40,284.853,25,0,1,1,2
512,False,False,False,True,10,1,118,10,37,284.853,28,0,0,0,2
513,False,False,False,True,10,3,289,48,49,284.853,36,0,0,2,2
514,False,False,False,True,10,4,291,31,40,284.853,25,0,1,1,1
515,False,False,False,True,10,1,225,26,28,284.853,24,0,1,2,2
516,False,False,False,True,10,1,369,17,31,284.853,25,0,3,0,8
517,False,False,False,True,10,1,369,17,31,284.853,25,0,3,0,3
518,False,False,False,True,10,1,225,26,28,284.853,24,0,1,2,4
519,False,False,False,True,10,1,369,17,31,284.853,25,0,3,0,8
520,False,False,False,True,10,2,179,51,38,284.853,31,0,0,0,3
521,True,False,False,False,10,2,228,14,58,284.853,22,0,2,1,1
522,False,False,False,True,10,2,291,31,40,284.853,25,0,1,1,1
523,True,False,False,False,10,3,369,17,31,284.853,25,0,3,0,8
524,True,False,False,False,10,3,225,26,28,284.853,24,0,1,2,1
525,True,False,False,False,10,4,369,17,31,284.853,25,0,3,0,8
526,True,False,False,False,10,4,225,26,28,284.853,24,0,1,2,3
527,False,False,False,True,10,6,189,29,33,284.853,25,0,2,2,8
528,True,False,False,False,10,6,235,16,32,284.853,25,1,0,0,8
529,True,False,False,False,10,6,248,25,47,284.853,32,0,2,1,8
530,False,False,False,False,10,6,225,26,28,284.853,24,0,1,2,0
531,True,False,False,False,10,1,225,26,28,284.853,24,0,1,2,3
532,False,False,True,False,11,1,179,51,38,268.519,31,0,0,0,1
533,False,False,False,True,11,2,118,10,37,268.519,28,0,0,0,3
534,True,False,False,False,11,2,330,16,28,268.519,25,1,0,0,24
535,False,False,False,True,11,4,179,51,38,268.519,31,0,0,0,1
536,True,False,False,False,11,1,118,10,37,268.519,28,0,0,0,8
537,False,False,False,True,11,2,289,36,33,268.519,30,0,2,1,8
538,True,False,False,False,11,4,235,16,32,268.519,25,1,0,0,8
539,False,False,False,True,11,4,225,26,28,268.519,24,0,1,2,4
540,False,False,False,True,11,1,361,52,28,268.519,27,0,1,4,8
541,False,False,False,True,11,2,291,31,40,268.519,25,0,1,1,2
542,True,False,False,False,11,3,118,10,37,268.519,28,0,0,0,2
543,True,False,False,False,11,3,225,26,28,268.519,24,0,1,2,3
544,False,False,False,True,11,0,179,51,38,268.519,31,0,0,0,1
545,False,False,False,True,11,0,118,10,37,268.519,28,0,0,0,8
546,True,False,False,False,11,1,118,10,37,268.519,28,0,0,0,8
547,False,False,False,True,11,1,225,26,28,268.519,24,0,1,2,2
548,False,False,False,False,11,1,291,31,40,268.519,25,0,1,1,0
549,False,False,False,False,11,2,289,36,33,268.519,30,0,2,1,0
550,True,False,False,False,11,3,248,25,47,268.519,32,0,2,1,4
551,False,False,False,False,11,3,235,20,43,268.519,38,0,1,0,0
552,False,False,False,True,11,4,225,26,28,268.519,24,0,1,2,2
553,False,False,False,True,11,4,369,17,31,268.519,25,0,3,0,8
554,False,False,False,True,11,0,361,52,28,268.519,27,0,1,4,2
555,True,False,False,False,12,1,179,51,38,280.549,31,0,0,0,32
556,False,False,False,True,12,2,291,31,40,280.549,25,0,1,1,1
557,False,False,False,True,12,2,225,26,28,280.549,24,0,1,2,3
558,True,False,False,False,12,4,179,26,30,280.549,19,1,0,0,1
559,False,False,False,True,12,4,225,26,28,280.549,24,0,1,2,3
560,False,False,False,True,12,2,225,26,28,280.549,24,0,1,2,3
561,True,False,False,False,12,3,361,52,28,280.549,27,0,1,4,4
562,False,False,True,False,12,4,179,22,40,280.549,22,1,2,0,2
563,False,False,False,True,12,4,235,20,43,280.549,38,0,1,0,8
564,False,False,True,False,12,0,233,51,31,280.549,21,1,1,8,8
565,True,False,False,False,12,1,179,26,30,280.549,19,1,0,0,16
566,False,False,False,True,12,1,225,26,28,280.549,24,0,1,2,2
567,False,False,False,True,12,3,225,26,28,280.549,24,0,1,2,3
568,False,False,False,True,12,0,225,26,28,280.549,24,0,1,2,2
569,False,False,True,False,12,1,155,12,34,280.549,25,0,2,0,80
570,True,False,False,False,1,0,179,26,30,313.532,19,1,0,0,24
571,True,False,False,False,1,3,179,26,30,313.532,19,1,0,0,16
572,False,False,False,True,1,3,179,22,40,313.532,22,1,2,0,2
573,False,False,False,True,1,4,179,22,40,313.532,22,1,2,0,2
574,True,False,False,False,1,0,179,26,30,313.532,19,1,0,0,3
575,False,False,False,True,1,2,179,22,40,313.532,22,1,2,0,2
576,True,False,False,False,1,3,289,48,49,313.532,36,0,0,2,8
577,False,False,True,False,1,4,179,22,40,313.532,22,1,2,0,3
578,False,False,False,True,1,0,179,26,30,313.532,19,1,0,0,2
579,False,False,True,False,1,1,155,12,34,313.532,25,0,2,0,8
580,False,False,False,True,1,2,179,26,30,313.532,19,1,0,0,2
581,False,False,False,True,1,2,179,51,38,313.532,31,0,0,0,3
582,True,False,False,False,1,2,289,36,33,313.532,30,0,2,1,8
583,False,False,False,True,1,3,179,51,38,313.532,31,0,0,0,3
584,False,False,False,True,1,4,179,51,38,313.532,31,0,0,0,2
585,True,False,False,False,2,1,179,51,38,264.249,31,0,0,0,8
586,False,False,False,True,2,1,225,26,28,264.249,24,0,1,2,3
587,True,False,False,False,2,2,248,25,47,264.249,32,0,2,1,8
588,False,False,False,True,2,2,179,51,38,264.249,31,0,0,0,2
589,False,False,False,True,2,3,225,26,28,264.249,24,0,1,2,3
590,False,False,False,True,2,3,179,51,38,264.249,31,0,0,0,2
591,False,False,False,True,2,3,179,26,30,264.249,19,1,0,0,2
592,False,False,False,True,2,4,225,15,41,264.249,28,1,2,2,2
593,False,False,False,True,2,4,179,51,38,264.249,31,0,0,0,2
594,False,False,True,False,2,0,233,51,31,264.249,21,1,1,8,2
595,False,False,False,True,2,0,179,51,38,264.249,31,0,0,0,2
596,True,False,False,False,2,1,225,26,28,264.249,24,0,1,2,8
597,False,False,False,True,2,2,179,51,38,264.249,31,0,0,0,3
598,False,False,False,True,2,3,179,51,38,264.249,31,0,0,0,3
599,False,False,False,True,2,3,225,26,28,264.249,24,0,1,2,3
600,True,False,False,False,2,3,179,26,30,264.249,19,1,0,0,2
601,False,False,False,True,2,4,179,22,40,264.249,22,1,2,0,2
602,False,False,False,True,2,4,179,51,38,264.249,31,0,0,0,3
603,True,False,False,False,2,2,233,51,31,264.249,21,1,1,8,3
604,False,False,False,True,2,2,179,26,30,264.249,19,1,0,0,2
605,False,False,False,True,2,2,179,51,38,264.249,31,0,0,0,2
606,True,False,False,False,2,3,179,51,38,264.249,31,0,0,0,8
607,False,False,False,True,2,4,179,51,38,264.249,31,0,0,0,2
608,False,False,False,True,2,0,155,12,34,264.249,25,0,2,0,5
609,False,False,False,True,2,0,235,16,32,264.249,25,1,0,0,3
610,False,False,False,True,2,0,179,51,38,264.249,31,0,0,0,2
611,True,False,False,False,2,0,225,26,28,264.249,24,0,1,2,2
612,False,False,False,True,2,1,179,51,38,264.249,31,0,0,0,2
613,False,False,False,True,2,1,248,25,47,264.249,32,0,2,1,2
614,False,False,False,True,2,1,225,26,28,264.249,24,0,1,2,2
615,False,False,False,True,2,2,179,51,38,264.249,31,0,0,0,2
616,False,False,False,True,2,3,179,51,38,264.249,31,0,0,0,2
617,False,False,False,True,2,4,235,16,32,264.249,25,1,0,0,2
618,False,False,False,True,3,0,179,51,38,222.196,31,0,0,0,2
619,False,False,False,True,3,0,248,25,47,222.196,32,0,2,1,2
620,False,False,False,True,3,1,228,14,58,222.196,22,0,2,1,3
621,False,False,False,True,3,1,248,25,47,222.196,32,0,2,1,3
622,True,False,False,False,3,1,228,14,58,222.196,22,0,2,1,112
623,False,False,False,True,3,2,179,51,38,222.196,31,0,0,0,2
624,False,False,False,True,3,3,225,26,28,222.196,24,0,1,2,2
625,False,False,False,True,3,3,179,51,38,222.196,31,0,0,0,3
626,False,False,False,True,3,3,225,26,28,222.196,24,0,1,2,2
627,False,False,False,True,3,4,179,26,30,222.196,19,1,0,0,3
628,False,False,False,True,3,0,235,16,32,222.196,25,1,0,0,3
629,False,False,True,False,3,0,361,52,28,222.196,27,0,1,4,8
630,True,False,False,False,3,1,179,51,38,222.196,31,0,0,0,8
631,False,False,False,True,3,2,179,51,38,222.196,31,0,0,0,2
632,False,False,False,True,3,3,179,51,38,222.196,31,0,0,0,3
633,False,False,False,True,3,4,179,26,30,222.196,19,1,0,0,2
634,True,False,False,False,3,0,179,51,38,222.196,31,0,0,0,4
635,True,False,False,False,3,0,248,25,47,222.196,32,0,2,1,2
636,False,False,False,True,3,0,179,51,38,222.196,31,0,0,0,3
637,True,False,False,False,3,0,225,26,28,222.196,24,0,1,2,8
638,False,False,False,True,3,1,179,51,38,222.196,31,0,0,0,2
639,False,False,False,True,3,2,289,36,33,222.196,30,0,2,1,8
640,False,False,False,True,3,2,228,14,58,222.196,22,0,2,1,2
641,False,False,False,True,3,2,179,51,38,222.196,31,0,0,0,2
642,False,False,False,True,3,3,248,25,47,222.196,32,0,2,1,3
643,False,False,False,True,3,3,179,51,38,222.196,31,0,0,0,3
644,False,False,False,True,3,4,179,26,30,222.196,19,1,0,0,2
645,False,False,False,True,3,4,179,51,38,222.196,31,0,0,0,3
646,False,False,False,True,3,1,179,51,38,222.196,31,0,0,0,3
647,False,False,False,True,3,2,118,15,46,222.196,25,0,2,0,8
648,True,False,False,False,3,2,155,12,34,222.196,25,0,2,0,24
649,False,False,False,True,3,2,179,51,38,222.196,31,0,0,0,3
650,False,False,False,True,3,3,179,51,38,222.196,31,0,0,0,3
651,True,False,False,False,3,0,179,26,30,222.196,19,1,0,0,2
652,False,False,True,False,3,0,289,36,33,222.196,30,0,2,1,104
653,False,False,False,True,3,2,369,17,31,222.196,25,0,3,0,8
654,True,False,False,False,4,0,225,26,28,246.288,24,0,1,2,8
655,True,False,False,False,4,0,118,10,37,246.288,28,0,0,0,8
656,False,False,True,False,4,1,361,52,28,246.288,27,0,1,4,8
657,False,False,True,False,4,2,248,25,47,246.288,32,0,2,1,8
658,True,False,False,False,4,3,189,29,33,246.288,25,0,2,2,8
659,False,False,False,True,4,4,179,26,30,246.288,19,1,0,0,2
660,True,False,False,False,4,0,369,17,31,246.288,25,0,3,0,24
661,False,True,False,False,4,1,179,22,40,246.288,22,1,2,0,2
662,False,False,False,True,4,1,118,13,50,246.288,31,0,1,0,3
663,False,False,False,True,4,1,361,52,28,246.288,27,0,1,4,2
664,True,False,False,False,4,2,118,10,37,246.288,28,0,0,0,2
665,False,False,False,True,4,4,235,11,37,246.288,29,1,1,1,8
666,False,False,False,True,4,4,179,26,30,246.288,19,1,0,0,2
667,False,False,True,False,4,0,225,26,28,246.288,24,0,1,2,8
668,False,True,False,False,4,1,235,16,32,246.288,25,1,0,0,3
669,False,False,False,True,4,4,179,26,30,246.288,19,1,0,0,2
670,False,False,False,True,4,1,155,12,34,246.288,25,0,2,0,4
671,False,False,True,False,4,3,225,26,28,246.288,24,0,1,2,8
672,True,False,False,False,4,3,118,13,50,246.288,31,0,1,0,2
673,False,False,False,True,4,4,179,26,30,246.288,19,1,0,0,2
674,False,False,False,True,5,0,235,11,37,237.656,29,1,1,1,8
675,False,False,True,False,5,2,225,15,41,237.656,28,1,2,2,3
676,False,False,False,True,5,2,235,16,32,237.656,25,1,0,0,2
677,True,False,False,False,5,2,118,10,37,237.656,28,0,0,0,3
678,False,False,False,True,5,2,235,20,43,237.656,38,0,1,0,8
679,True,False,False,False,5,3,179,26,30,237.656,19,1,0,0,1
680,False,False,False,True,5,3,291,31,40,237.656,25,0,1,1,2
681,True,False,False,False,5,3,225,15,41,237.656,28,1,2,2,8
682,False,False,True,False,5,4,300,26,43,237.656,25,0,2,1,64
683,False,False,False,True,5,4,225,15,41,237.656,28,1,2,2,8
684,False,False,False,True,5,4,179,26,30,237.656,19,1,0,0,2
685,False,False,False,True,5,0,118,13,50,237.656,31,0,1,0,2
686,True,False,False,False,5,1,118,13,50,237.656,31,0,1,0,3
687,False,False,False,True,5,1,118,10,37,237.656,28,0,0,0,1
688,False,False,False,False,5,1,118,13,50,237.656,31,0,1,0,0
689,False,False,False,True,5,2,179,26,30,237.656,19,1,0,0,2
690,False,False,False,False,5,2,378,49,36,237.656,21,0,2,4,0
691,False,True,False,False,5,4,179,22,40,237.656,22,1,2,0,1
692,True,False,False,False,5,0,155,12,34,237.656,25,0,2,0,48
693,True,False,False,False,5,0,235,16,32,237.656,25,1,0,0,8
694,False,False,False,True,5,2,291,31,40,237.656,25,0,1,1,8
695,True,False,False,False,5,2,179,22,40,237.656,22,1,2,0,8
696,True,False,False,False,5,2,225,26,28,237.656,24,0,1,2,3
697,True,False,False,False,5,3,330,16,28,237.656,25,1,0,0,8
698,False,False,False,True,5,3,235,16,32,237.656,25,1,0,0,2
699,False,False,False,True,5,3,291,31,40,237.656,25,0,1,1,2
